age,gender,income,utilities,entertainment,school_fees,shopping,healthcare
50,Male,100000,Utilities,Entertainment,School Fees,Shopping,Healthcare
23,Female,40000,Utilities,Entertainment,School Fees,Shopping,Healthcare
35,Female,50000,Utilities,Entertainment,School Fees,Shopping,Healthcare
27,Male,40000,Utilities,Entertainment,School Fees,Shopping,Healthcare
70,Female,5000000,Utilities,Entertainment,School Fees,Shopping,Healthcare
45,Male,1000000,Utilities,Entertainment,School Fees,Shopping,Healthcare
62,Male,600000,Utilities,Entertainment,School Fees,Shopping,Healthcare
